,Residual_mix_precal,Residual_mix_postcal,Residual_mix_fullcal
u_stat,537900.0,624287.0,612508.0
p_value,5.161677038449116e-10,0.31078036602320014,0.10407555548743358
