,Residual_mix_precal,Residual_mix_postcal,Residual_mix_fullcal
u_stat,211334277.5,219193855.5,218419970.5
p_value,5.08475880370827e-196,7.960892429808748e-299,9.745521045095996e-288
