,Residual_mix_precal,Residual_mix_postcal,Residual_mix_fullcal
u_stat,617330.0,767499.0,738944.0
p_value,1.3179422126304796e-20,0.16112859203509888,0.005275085920387209
