,Pre,Post,Full
aq,2.2598432521037983,1.8967321086981779,2.2321295951366618
bq,0.04063872363609818,0.270118285159987,-0.09043998604111138
ab,-0.4147319647917145,0.6228558390324603,0.7756016357052185
bb,0.22960575656196125,0.9102703921497809,0.9308347135821623
nse_pre,0.028,-0.532,-0.187
nse_post,0.02,0.633,0.618
lognse_pre,-0.448,-0.396,-0.481
lognse_post,0.065,0.406,0.239
